user,tester,728-757-5889,Employee,Dbms#6620
E10000351,Charlton,813-495-0016,Employee,Dbms#6620
E10000352,Hayden,943-213-2247,Employee,Dbms#6620
E10000353,Ethan,215-977-0246,Employee,Dbms#6620
E10000354,Quill,215-657-1796,Employee,Dbms#6620
E10000355,Vincenty,535-242-0135,Employee,Dbms#6620
E10000356,Boyce,395-674-6196,Employee,Dbms#6620
E10000357,Garrott,369-271-3853,Employee,Dbms#6620
E10000358,Vincenty,652-783-4535,Employee,Dbms#6620
E10000359,Corrie,227-403-9648,Employee,Dbms#6620
E10000360,Remington,728-757-5882,Employee,Dbms#6620
E10000361,Cly,837-168-5917,Employee,Dbms#6620
E10000362,Trey,779-222-0298,Employee,Dbms#6620
E10000363,Luke,996-177-9774,Employee,Dbms#6620
E10000364,Westbrooke,124-710-0705,Employee,Dbms#6620
E10000365,George,100-421-5287,Employee,Dbms#6620
E10000366,Saunderson,349-966-1174,Employee,Dbms#6620
E10000367,Anson,926-897-4341,Employee,Dbms#6620
E10000368,Penny,415-589-7960,Employee,Dbms#6620
E10000369,Michail,989-602-2881,Employee,Dbms#6620
E10000370,Tibold,986-437-3830,Employee,Dbms#6620
E10000371,Jermain,525-173-3032,Employee,Dbms#6620
E10000372,Tris,623-173-4531,Employee,Dbms#6620
E10000373,Georgi,921-109-6654,Employee,Dbms#6620
E10000374,Thornie,496-793-2360,Employee,Dbms#6620
E10000375,Banky,173-408-9297,Employee,Dbms#6620
E10000376,Irwinn,879-134-4501,Employee,Dbms#6620
E10000377,Sherwood,586-862-9275,Employee,Dbms#6620
E10000378,Roderigo,244-731-4869,Employee,Dbms#6620
E10000379,Allin,636-879-3629,Employee,Dbms#6620
E10000380,Ozzie,675-667-3212,Employee,Dbms#6620
E10000381,Ruby,921-278-2813,Employee,Dbms#6620
E10000382,Harald,866-873-6507,Employee,Dbms#6620
E10000383,Rinaldo,373-730-7167,Employee,Dbms#6620
E10000384,Janek,670-169-2745,Employee,Dbms#6620
E10000385,Muffin,699-962-9708,Employee,Dbms#6620
E10000386,Othello,675-639-5756,Employee,Dbms#6620
E10000387,Neale,410-386-3862,Employee,Dbms#6620
E10000388,Gabriel,686-388-5517,Employee,Dbms#6620
E10000389,Marcello,122-371-8804,Employee,Dbms#6620
E10000390,Axe,166-511-0331,Employee,Dbms#6620
E10000391,Ethelred,809-313-0057,Employee,Dbms#6620
E10000392,Gabriello,654-883-5923,Employee,Dbms#6620
E10000393,Mendie,742-538-5515,Employee,Dbms#6620
E10000394,Pattin,777-258-1328,Employee,Dbms#6620
E10000395,Zaccaria,550-114-1287,Employee,Dbms#6620
E10000396,Dickie,361-626-1799,Employee,Dbms#6620
E10000397,Cammy,728-290-2856,Employee,Dbms#6620
E10000398,Domingo,346-593-2067,Employee,Dbms#6620
E10000399,Cornell,427-672-5931,Employee,Dbms#6620
E10000400,Durward,249-359-5651,Employee,Dbms#6620
S1000251,Tam,532-368-8425,Student,Dbms#6620
S1000252,Giulio,316-989-1909,Student,Dbms#6620
S1000253,Milt,459-566-6554,Student,Dbms#6620
S1000254,Julian,428-169-3609,Student,Dbms#6620
S1000255,Nickolai,793-688-3146,Student,Dbms#6620
S1000256,Bill,220-414-2381,Student,Dbms#6620
S1000257,Hendrik,722-612-3952,Student,Dbms#6620
S1000258,Pauly,704-557-9990,Student,Dbms#6620
S1000259,Arte,539-593-0129,Student,Dbms#6620
S1000260,Edsel,703-431-3716,Student,Dbms#6620
S1000261,Peyter,662-820-6421,Student,Dbms#6620
S1000262,Benny,204-590-1684,Student,Dbms#6620
S1000263,Wiatt,400-727-0348,Student,Dbms#6620
S1000264,Jacques,953-195-2041,Student,Dbms#6620
S1000265,Fredek,938-348-3340,Student,Dbms#6620
S1000266,Arley,243-227-8550,Student,Dbms#6620
S1000267,Clemmie,487-305-2925,Student,Dbms#6620
S1000268,Barri,450-681-4200,Student,Dbms#6620
S1000269,Prince,312-630-9213,Student,Dbms#6620
S1000270,Koenraad,687-987-3129,Student,Dbms#6620
S1000271,Rayner,195-931-2257,Student,Dbms#6620
S1000272,Jacobo,820-133-1211,Student,Dbms#6620
S1000273,Leonid,759-876-8701,Student,Dbms#6620
S1000274,Chen,633-127-1357,Student,Dbms#6620
S1000275,Lovell,411-327-2782,Student,Dbms#6620
S1000276,Durward,238-994-2968,Student,Dbms#6620
S1000277,Heinrik,677-111-5237,Student,Dbms#6620
S1000278,Kele,311-414-9276,Student,Dbms#6620
S1000279,Godwin,950-420-8249,Student,Dbms#6620
S1000280,Erich,216-829-9972,Student,Dbms#6620
S1000281,Peyter,353-556-9812,Student,Dbms#6620
S1000282,Svend,553-195-9519,Student,Dbms#6620
S1000283,Emlen,822-326-2755,Student,Dbms#6620
S1000284,Gilbert,415-992-5865,Student,Dbms#6620
S1000285,Fletch,796-365-7487,Student,Dbms#6620
S1000286,Crichton,612-212-1117,Student,Dbms#6620
S1000287,Bord,730-631-2126,Student,Dbms#6620
S1000288,Quintin,427-150-4024,Student,Dbms#6620
S1000289,Jon,978-892-9371,Student,Dbms#6620
S1000290,Noland,825-602-2879,Student,Dbms#6620
S1000291,Raphael,549-617-7274,Student,Dbms#6620
S1000292,Kenon,615-996-3642,Student,Dbms#6620
S1000293,Bertrand,899-383-2640,Student,Dbms#6620
S1000294,Mayor,313-670-6887,Student,Dbms#6620
S1000295,Rodney,839-295-4276,Student,Dbms#6620
S1000296,Tuck,262-361-1491,Student,Dbms#6620
S1000297,Stavros,908-325-9646,Student,Dbms#6620
S1000298,Stevy,656-700-9247,Student,Dbms#6620
S1000299,Buddie,574-198-7620,Student,Dbms#6620
S1000300,Flory,405-701-5123,Student,Dbms#6620
S1000301,Germayne,483-569-6461,Visitor,Dbms#6620
V1000001,Thane,219-755-4845,Visitor,Dbms#6620
V1000002,Silvanus,879-602-4085,Visitor,Dbms#6620
V1000003,Crawford,977-269-4001,Visitor,Dbms#6620
V1000004,Niall,962-946-4724,Visitor,Dbms#6620
V1000005,Reg,365-804-5337,Visitor,Dbms#6620
V1000006,Griz,563-214-1242,Visitor,Dbms#6620
V1000007,Raimundo,357-233-5182,Visitor,Dbms#6620
V1000008,Tracie,462-313-8139,Visitor,Dbms#6620
V1000009,Kahaleel,363-195-4878,Visitor,Dbms#6620
V1000010,Ignatius,980-537-4278,Visitor,Dbms#6620
V1000011,Yuma,231-537-9003,Visitor,Dbms#6620
V1000012,Hamish,832-794-3953,Visitor,Dbms#6620
V1000013,Hubert,900-911-4024,Visitor,Dbms#6620
V1000014,Toiboid,823-594-1011,Visitor,Dbms#6620
V1000015,Robby,217-669-9514,Visitor,Dbms#6620
V1000016,Eberhard,181-929-4340,Visitor,Dbms#6620
V1000017,Guido,149-625-0115,Visitor,Dbms#6620
V1000018,Fidole,697-291-7366,Visitor,Dbms#6620
V1000019,Rickey,117-342-3145,Visitor,Dbms#6620
V1000020,Ber,291-595-6782,Visitor,Dbms#6620
V1000021,Hastie,608-944-6932,Visitor,Dbms#6620
V1000022,Erasmus,274-283-6890,Visitor,Dbms#6620
V1000023,Clerkclaude,812-161-3384,Visitor,Dbms#6620
V1000024,Edwin,790-762-4882,Visitor,Dbms#6620
V1000025,Humphrey,906-748-9479,Visitor,Dbms#6620
V1000026,Westbrooke,463-670-2054,Visitor,Dbms#6620
V1000027,Claire,712-340-0227,Visitor,Dbms#6620
V1000028,Hazlett,899-816-3037,Visitor,Dbms#6620
V1000029,Claiborn,584-899-4314,Visitor,Dbms#6620
V1000030,Evin,590-619-3353,Visitor,Dbms#6620
V1000031,Des,450-966-4707,Visitor,Dbms#6620
V1000032,Mattheus,576-616-8431,Visitor,Dbms#6620
V1000033,Fonz,458-413-9687,Visitor,Dbms#6620
V1000034,Antony,362-603-2836,Visitor,Dbms#6620
V1000035,Muffin,973-703-9777,Visitor,Dbms#6620
V1000036,Mathe,299-646-3870,Visitor,Dbms#6620
V1000037,Gregg,893-476-6829,Visitor,Dbms#6620
V1000038,Reinhold,334-371-1765,Visitor,Dbms#6620
V1000039,Andres,387-883-0495,Visitor,Dbms#6620
V1000040,Berk,126-207-6423,Visitor,Dbms#6620
V1000041,Kenn,321-539-3981,Visitor,Dbms#6620
V1000042,Richy,453-791-8669,Visitor,Dbms#6620
V1000043,Delmer,372-621-7959,Visitor,Dbms#6620
V1000044,Gael,775-357-7527,Visitor,Dbms#6620
V1000045,Gannon,607-449-3061,Visitor,Dbms#6620
V1000046,Reginauld,546-436-3131,Visitor,Dbms#6620
V1000047,Guglielmo,477-702-0126,Visitor,Dbms#6620
V1000048,Peder,499-302-7592,Visitor,Dbms#6620
V1000049,Tom,976-174-6721,Visitor,Dbms#6620
V1000050,Artemas,116-504-6906,Visitor,Dbms#6620
S1000001,Antonino,696-434-4119,Student,Dbms#6620
S1000002,Yehudit,370-112-8318,Student,Dbms#6620
S1000003,Reuven,458-830-6881,Student,Dbms#6620
S1000004,Harwilll,911-621-3158,Student,Dbms#6620
S1000005,Augustus,513-558-0360,Student,Dbms#6620
S1000006,Forbes,449-396-3840,Student,Dbms#6620
S1000007,Val,117-480-9358,Student,Dbms#6620
S1000008,Laurie,321-335-9862,Student,Dbms#6620
S1000009,Alair,440-510-0984,Student,Dbms#6620
S1000010,Felike,613-472-3679,Student,Dbms#6620
S1000011,Bevan,943-128-4228,Student,Dbms#6620
S1000012,Rand,626-570-9918,Student,Dbms#6620
S1000013,Basilio,405-984-7042,Student,Dbms#6620
S1000014,Shem,800-897-4574,Student,Dbms#6620
S1000015,Ker,680-244-7026,Student,Dbms#6620
S1000016,Gilberto,630-743-1669,Student,Dbms#6620
S1000017,Gerry,255-119-9197,Student,Dbms#6620
S1000018,Arin,262-625-1211,Student,Dbms#6620
S1000019,Webster,155-385-7403,Student,Dbms#6620
S1000020,Renault,215-673-0587,Student,Dbms#6620
S1000021,Orville,866-397-0565,Student,Dbms#6620
S1000022,Chaunce,980-270-3983,Student,Dbms#6620
S1000023,Itch,133-603-5131,Student,Dbms#6620
S1000024,Hal,642-486-3256,Student,Dbms#6620
S1000025,Perice,214-480-9690,Student,Dbms#6620
S1000026,Meyer,205-158-5673,Student,Dbms#6620
S1000027,Gibby,672-817-8260,Student,Dbms#6620
S1000028,Phillip,135-752-7821,Student,Dbms#6620
S1000029,Win,718-236-4986,Student,Dbms#6620
S1000030,Hewett,156-154-5409,Student,Dbms#6620
S1000031,Igor,934-147-5514,Student,Dbms#6620
S1000032,Guthrie,234-306-9839,Student,Dbms#6620
S1000033,Matteo,139-533-0435,Student,Dbms#6620
S1000034,Dino,884-781-4332,Student,Dbms#6620
S1000035,Harlin,656-793-1348,Student,Dbms#6620
S1000036,Gar,719-953-7050,Student,Dbms#6620
S1000037,Boycie,538-118-4853,Student,Dbms#6620
S1000038,Ode,247-741-7448,Student,Dbms#6620
S1000039,Eugenius,959-186-7117,Student,Dbms#6620
S1000040,Percival,998-960-1797,Student,Dbms#6620
S1000041,Pasquale,809-331-8168,Student,Dbms#6620
S1000042,Andre,283-630-1572,Student,Dbms#6620
S1000043,Jayson,142-561-9113,Student,Dbms#6620
S1000044,Yorke,419-669-4913,Student,Dbms#6620
S1000045,Webb,834-413-0899,Student,Dbms#6620
S1000046,Christophe,843-178-9331,Student,Dbms#6620
S1000047,Spencer,860-724-0066,Student,Dbms#6620
S1000048,Giffer,896-513-0888,Student,Dbms#6620
S1000049,Ingrim,436-937-8741,Student,Dbms#6620
S1000050,Curtice,798-220-3255,Student,Dbms#6620
S1000051,Guthrey,131-711-5482,Student,Dbms#6620
S1000052,Alfy,606-721-8419,Student,Dbms#6620
S1000053,Mahmud,373-325-2979,Student,Dbms#6620
S1000054,Giusto,625-604-2586,Student,Dbms#6620
S1000055,Seymour,670-643-6972,Student,Dbms#6620
S1000056,Eric,708-491-2181,Student,Dbms#6620
S1000057,Sheff,376-774-7565,Student,Dbms#6620
S1000058,Niccolo,670-624-6882,Student,Dbms#6620
S1000059,Penrod,456-517-8733,Student,Dbms#6620
S1000060,Gaelan,469-957-5561,Student,Dbms#6620
S1000061,Allayne,321-636-8798,Student,Dbms#6620
S1000062,Baryram,926-250-9907,Student,Dbms#6620
S1000063,Whitman,335-235-3622,Student,Dbms#6620
S1000064,Padraic,803-169-8725,Student,Dbms#6620
S1000065,Daryl,757-723-4309,Student,Dbms#6620
S1000066,Addy,243-849-0882,Student,Dbms#6620
S1000067,Marshall,923-452-6097,Student,Dbms#6620
S1000068,Arri,914-426-5994,Student,Dbms#6620
S1000069,Cosmo,455-623-1206,Student,Dbms#6620
S1000070,Towney,720-323-1840,Student,Dbms#6620
S1000071,Flinn,331-800-9586,Student,Dbms#6620
S1000072,Harlan,317-535-5982,Student,Dbms#6620
S1000073,Trev,249-111-7405,Student,Dbms#6620
S1000074,Hart,215-315-1653,Student,Dbms#6620
S1000075,Raimundo,688-270-2282,Student,Dbms#6620
S1000076,Brok,702-805-5518,Student,Dbms#6620
S1000077,Alaric,321-233-2567,Student,Dbms#6620
S1000078,Sebastiano,-3448,Student,Dbms#6620
S1000079,Meir,612-355-1358,Student,Dbms#6620
S1000080,Rowan,703-973-5252,Student,Dbms#6620
S1000081,Launce,537-737-5632,Student,Dbms#6620
S1000082,Care,776-252-4630,Student,Dbms#6620
S1000083,Duncan,908-907-2319,Student,Dbms#6620
S1000084,Wilfrid,195-783-2759,Student,Dbms#6620
S1000085,Jaye,436-104-9623,Student,Dbms#6620
S1000086,Griz,598-827-4399,Student,Dbms#6620
S1000087,Gregoor,501-423-4485,Student,Dbms#6620
S1000088,Evelin,409-552-8774,Student,Dbms#6620
S1000089,Falkner,305-898-0862,Student,Dbms#6620
S1000090,Claybourne,582-515-8545,Student,Dbms#6620
S1000091,Rutledge,720-442-7183,Student,Dbms#6620
S1000092,Marven,596-962-7810,Student,Dbms#6620
S1000093,Gaylor,250-919-2280,Student,Dbms#6620
S1000094,Stevy,466-231-0213,Student,Dbms#6620
S1000095,Mike,776-563-6707,Student,Dbms#6620
S1000096,Iain,239-149-5559,Student,Dbms#6620
S1000097,Jacques,466-114-1448,Student,Dbms#6620
S1000098,Leighton,811-200-3819,Student,Dbms#6620
S1000099,Harcourt,641-824-5396,Student,Dbms#6620
S1000100,Prentice,185-511-8983,Student,Dbms#6620
S1000101,Isaiah,446-126-5640,Student,Dbms#6620
S1000102,Gannie,484-112-8513,Student,Dbms#6620
S1000103,Cornall,668-300-5147,Student,Dbms#6620
S1000104,Andrea,124-858-8355,Student,Dbms#6620
S1000105,Ced,130-964-3859,Student,Dbms#6620
S1000106,Lincoln,888-646-9444,Student,Dbms#6620
S1000107,Konstantine,769-772-9336,Student,Dbms#6620
S1000108,Erick,960-772-6764,Student,Dbms#6620
S1000109,Karlik,186-157-4664,Student,Dbms#6620
S1000110,Wes,568-377-3687,Student,Dbms#6620
S1000111,Marlowe,110-157-1495,Student,Dbms#6620
S1000112,Gabriele,102-627-9559,Student,Dbms#6620
S1000113,Menard,101-565-6463,Student,Dbms#6620
S1000114,Lennard,755-518-8365,Student,Dbms#6620
S1000115,Kahaleel,437-605-0893,Student,Dbms#6620
S1000116,Ramon,704-605-9917,Student,Dbms#6620
S1000117,Pail,880-120-8223,Student,Dbms#6620
S1000118,Emmett,970-719-9024,Student,Dbms#6620
S1000119,Rick,188-219-0506,Student,Dbms#6620
S1000120,Manuel,335-361-6726,Student,Dbms#6620
S1000121,Burty,971-886-2956,Student,Dbms#6620
S1000122,Ode,876-252-5925,Student,Dbms#6620
S1000123,Steffen,197-785-0476,Student,Dbms#6620
S1000124,Bay,560-508-3570,Student,Dbms#6620
S1000125,Huberto,667-332-7745,Student,Dbms#6620
S1000126,Raoul,373-301-5178,Student,Dbms#6620
S1000127,Wat,361-483-0948,Student,Dbms#6620
S1000128,Leonid,262-838-8192,Student,Dbms#6620
S1000129,Evyn,286-162-2918,Student,Dbms#6620
S1000130,Maurise,993-173-0805,Student,Dbms#6620
S1000131,Berkeley,158-770-1763,Student,Dbms#6620
S1000132,Wye,397-492-8365,Student,Dbms#6620
S1000133,Pyotr,117-398-6466,Student,Dbms#6620
S1000134,Angel,682-422-4498,Student,Dbms#6620
S1000135,Lorrie,401-888-3799,Student,Dbms#6620
S1000136,Zared,170-989-6108,Student,Dbms#6620
S1000137,Elvin,470-912-4272,Student,Dbms#6620
S1000138,Tiebold,323-436-6292,Student,Dbms#6620
S1000139,Curtice,490-721-3308,Student,Dbms#6620
S1000140,Tobe,485-437-4965,Student,Dbms#6620
S1000141,Pascal,139-859-5907,Student,Dbms#6620
S1000142,Anselm,891-680-5896,Student,Dbms#6620
S1000143,Raymond,958-963-1587,Student,Dbms#6620
S1000144,Booth,846-344-2537,Student,Dbms#6620
S1000145,Sheffie,310-858-1225,Student,Dbms#6620
S1000146,Farlee,499-463-2764,Student,Dbms#6620
S1000147,Ade,791-110-4239,Student,Dbms#6620
S1000148,Lazar,281-508-2984,Student,Dbms#6620
S1000149,Glynn,266-980-8704,Student,Dbms#6620
S1000150,Kim,673-383-1196,Student,Dbms#6620
S1000151,Aylmer,546-766-8660,Student,Dbms#6620
S1000152,Bradford,198-316-8793,Student,Dbms#6620
S1000153,Henry,639-351-4890,Student,Dbms#6620
S1000154,Buiron,697-773-0961,Student,Dbms#6620
S1000155,Sergio,625-782-2397,Student,Dbms#6620
S1000156,Lay,457-245-8319,Student,Dbms#6620
S1000157,Stanton,153-826-7161,Student,Dbms#6620
S1000158,Rutter,329-281-9488,Student,Dbms#6620
S1000159,Standford,344-293-0814,Student,Dbms#6620
S1000160,Gery,502-547-3229,Student,Dbms#6620
S1000161,Angus,847-270-6680,Student,Dbms#6620
S1000162,Brantley,272-794-7244,Student,Dbms#6620
S1000163,Derk,103-905-6703,Student,Dbms#6620
S1000164,Kaiser,392-335-6874,Student,Dbms#6620
S1000165,Clement,569-295-3822,Student,Dbms#6620
S1000166,Benjamin,329-294-2052,Student,Dbms#6620
S1000167,Trenton,849-766-6642,Student,Dbms#6620
S1000168,Whit,303-723-1821,Student,Dbms#6620
S1000169,Roland,587-527-8818,Student,Dbms#6620
S1000170,Nye,899-334-4843,Student,Dbms#6620
S1000171,Tobin,138-773-4696,Student,Dbms#6620
S1000172,Mitchael,968-113-9678,Student,Dbms#6620
S1000173,Thorstein,215-257-5297,Student,Dbms#6620
S1000174,Dal,537-947-4289,Student,Dbms#6620
S1000175,Evelin,645-244-6668,Student,Dbms#6620
S1000176,Fitzgerald,700-811-4606,Student,Dbms#6620
S1000177,Ban,352-124-4315,Student,Dbms#6620
S1000178,Cedric,620-510-8207,Student,Dbms#6620
S1000179,Barrie,999-635-2437,Student,Dbms#6620
S1000180,Jose,251-939-7882,Student,Dbms#6620
S1000181,Vito,694-896-1834,Student,Dbms#6620
S1000182,Padriac,518-264-5081,Student,Dbms#6620
S1000183,Theo,310-371-3062,Student,Dbms#6620
S1000184,Maximilian,938-798-5522,Student,Dbms#6620
S1000185,Regan,966-659-6549,Student,Dbms#6620
S1000186,Edgard,649-161-5286,Student,Dbms#6620
S1000187,Irwin,331-796-1740,Student,Dbms#6620
S1000188,Price,933-963-5611,Student,Dbms#6620
S1000189,Zelig,682-474-1807,Student,Dbms#6620
S1000190,Launce,601-213-6037,Student,Dbms#6620
S1000191,Cullin,490-993-5037,Student,Dbms#6620
S1000192,Quinton,684-243-4754,Student,Dbms#6620
S1000193,Bastian,332-483-2499,Student,Dbms#6620
S1000194,Lyle,242-672-3408,Student,Dbms#6620
S1000195,Patsy,507-795-9586,Student,Dbms#6620
S1000196,Guthrey,821-334-5809,Student,Dbms#6620
S1000197,Preston,350-260-9656,Student,Dbms#6620
S1000198,Arty,361-680-8533,Student,Dbms#6620
S1000199,Keary,760-559-4112,Student,Dbms#6620
S1000200,Donavon,109-761-0313,Student,Dbms#6620
S1000201,Felipe,921-973-0622,Student,Dbms#6620
S1000202,Donalt,521-810-1595,Student,Dbms#6620
S1000203,Ward,710-789-2045,Student,Dbms#6620
S1000204,Donovan,995-296-6722,Student,Dbms#6620
S1000205,Delbert,179-579-0737,Student,Dbms#6620
S1000206,Leonard,515-267-0890,Student,Dbms#6620
S1000207,Tait,927-245-8390,Student,Dbms#6620
S1000208,Yorgos,630-519-5926,Student,Dbms#6620
S1000209,Robers,125-780-5953,Student,Dbms#6620
S1000210,Bobby,280-502-7876,Student,Dbms#6620
S1000211,Urbanus,656-575-2195,Student,Dbms#6620
S1000212,Lee,847-568-5491,Student,Dbms#6620
S1000213,Amble,905-967-8301,Student,Dbms#6620
S1000214,Sal,402-204-3829,Student,Dbms#6620
S1000215,Ewart,557-398-9720,Student,Dbms#6620
S1000216,Goraud,103-708-7463,Student,Dbms#6620
S1000217,Cleon,856-859-7524,Student,Dbms#6620
S1000218,Austen,584-799-7296,Student,Dbms#6620
S1000219,Purcell,848-800-5525,Student,Dbms#6620
S1000220,Brooke,662-245-2943,Student,Dbms#6620
S1000221,Neel,501-738-6323,Student,Dbms#6620
S1000222,Val,190-953-5557,Student,Dbms#6620
S1000223,Reinold,782-933-1631,Student,Dbms#6620
S1000224,Kaspar,483-727-9506,Student,Dbms#6620
S1000225,Khalil,340-225-0449,Student,Dbms#6620
S1000226,Adolphe,136-619-4748,Student,Dbms#6620
S1000227,Greggory,127-943-4972,Student,Dbms#6620
S1000228,Roberto,520-255-4932,Student,Dbms#6620
S1000229,Sheffy,954-317-8961,Student,Dbms#6620
S1000230,Tremaine,359-805-6938,Student,Dbms#6620
S1000231,Baily,643-591-2616,Student,Dbms#6620
S1000232,Isa,265-670-4564,Student,Dbms#6620
S1000233,Mathias,997-757-6330,Student,Dbms#6620
S1000234,Alwyn,277-583-0513,Student,Dbms#6620
S1000235,Donaugh,355-633-5409,Student,Dbms#6620
S1000236,Vasili,128-195-4905,Student,Dbms#6620
S1000237,Christoforo,770-882-3065,Student,Dbms#6620
S1000238,Archambault,776-852-5533,Student,Dbms#6620
S1000239,Ward,487-869-3192,Student,Dbms#6620
S1000240,Alphonse,488-123-1991,Student,Dbms#6620
S1000241,Teador,874-154-2504,Student,Dbms#6620
S1000242,Westbrooke,782-794-7223,Student,Dbms#6620
S1000243,Dicky,706-409-0614,Student,Dbms#6620
S1000244,Ezechiel,634-679-7200,Student,Dbms#6620
S1000245,Ruttger,326-782-5915,Student,Dbms#6620
S1000246,Jeremy,609-425-5319,Student,Dbms#6620
S1000247,Inglis,719-154-6675,Student,Dbms#6620
S1000248,Shaw,725-564-1496,Student,Dbms#6620
S1000249,Nickolas,620-677-9362,Student,Dbms#6620
S1000250,Llywellyn,405-692-3856,Student,Dbms#6620
V1000051,Patricio,397-707-4211,Visitor,Dbms#6620
V1000052,Guntar,138-978-8431,Visitor,Dbms#6620
V1000053,Bart,242-174-4252,Visitor,Dbms#6620
V1000054,Langsdon,885-157-9069,Visitor,Dbms#6620
V1000055,Renato,944-671-1163,Visitor,Dbms#6620
V1000056,Quill,520-887-2725,Visitor,Dbms#6620
V1000057,Pat,620-567-0299,Visitor,Dbms#6620
V1000058,Harv,681-764-7360,Visitor,Dbms#6620
V1000059,Farris,769-188-7475,Visitor,Dbms#6620
V1000060,Jozef,822-462-0910,Visitor,Dbms#6620
V1000061,Elia,861-512-8282,Visitor,Dbms#6620
V1000062,Sammy,455-407-7184,Visitor,Dbms#6620
V1000063,Thoma,192-643-2362,Visitor,Dbms#6620
V1000064,Whitby,901-448-0553,Visitor,Dbms#6620
V1000065,Colin,808-199-2939,Visitor,Dbms#6620
V1000066,Abe,217-820-2235,Visitor,Dbms#6620
V1000067,Normand,779-721-4466,Visitor,Dbms#6620
V1000068,Brannon,656-125-5834,Visitor,Dbms#6620
V1000069,Terrill,839-469-4032,Visitor,Dbms#6620
V1000070,Ambrose,463-877-0536,Visitor,Dbms#6620
V1000071,Ingram,996-411-7040,Visitor,Dbms#6620
V1000072,Moishe,103-641-6571,Visitor,Dbms#6620
V1000073,Sascha,745-752-7819,Visitor,Dbms#6620
V1000074,Filmer,977-278-4031,Visitor,Dbms#6620
V1000075,Avery,438-336-6210,Visitor,Dbms#6620
V1000076,Wylie,447-813-5112,Visitor,Dbms#6620
V1000077,Barth,991-450-0862,Visitor,Dbms#6620
V1000078,Sloan,937-696-9720,Visitor,Dbms#6620
V1000079,Craig,388-666-8428,Visitor,Dbms#6620
V1000080,Benjamin,671-756-3714,Visitor,Dbms#6620
V1000081,Alain,601-129-5867,Visitor,Dbms#6620
V1000082,Graham,452-969-6689,Visitor,Dbms#6620
V1000083,Alexandro,805-636-9632,Visitor,Dbms#6620
V1000084,Victoir,571-667-8083,Visitor,Dbms#6620
V1000085,Willis,145-332-9744,Visitor,Dbms#6620
V1000086,Kerby,296-695-8171,Visitor,Dbms#6620
V1000087,Dieter,317-987-2918,Visitor,Dbms#6620
V1000088,Skipper,319-326-7558,Visitor,Dbms#6620
V1000089,Haven,845-585-8609,Visitor,Dbms#6620
V1000090,Micky,238-524-9211,Visitor,Dbms#6620
V1000091,Baxy,485-477-2382,Visitor,Dbms#6620
V1000092,Zolly,306-679-3764,Visitor,Dbms#6620
V1000093,Ari,821-138-8504,Visitor,Dbms#6620
V1000094,Standford,302-652-6141,Visitor,Dbms#6620
V1000095,Fairleigh,929-316-4719,Visitor,Dbms#6620
V1000096,Burl,786-859-3462,Visitor,Dbms#6620
V1000097,Rolf,738-641-4744,Visitor,Dbms#6620
V1000098,Quill,856-710-2941,Visitor,Dbms#6620
V1000099,Fabe,281-156-0418,Visitor,Dbms#6620
V1000100,Pippo,865-788-3368,Visitor,Dbms#6620
V1000101,Asher,214-955-5968,Visitor,Dbms#6620
V1000102,Normy,645-791-5210,Visitor,Dbms#6620
V1000103,Windham,908-365-7273,Visitor,Dbms#6620
V1000104,Chic,676-680-2285,Visitor,Dbms#6620
V1000105,Sinclare,990-121-1698,Visitor,Dbms#6620
V1000106,Sumner,602-630-1190,Visitor,Dbms#6620
V1000107,Ilaire,253-930-3177,Visitor,Dbms#6620
V1000108,Terrel,316-445-7640,Visitor,Dbms#6620
V1000109,Martin,567-288-8943,Visitor,Dbms#6620
V1000110,Normie,285-642-7450,Visitor,Dbms#6620
V1000111,Ring,697-706-7165,Visitor,Dbms#6620
V1000112,Uri,678-361-7909,Visitor,Dbms#6620
V1000113,Ximenes,683-287-6150,Visitor,Dbms#6620
V1000114,Donal,907-870-6593,Visitor,Dbms#6620
V1000115,Pavel,635-304-6395,Visitor,Dbms#6620
V1000116,Kevon,724-464-1297,Visitor,Dbms#6620
V1000117,Francois,516-304-5423,Visitor,Dbms#6620
V1000118,Fidole,877-259-4665,Visitor,Dbms#6620
V1000119,Anatollo,145-729-0245,Visitor,Dbms#6620
V1000120,Spenser,227-715-0783,Visitor,Dbms#6620
V1000121,Keir,989-152-7460,Visitor,Dbms#6620
V1000122,Waverly,779-654-8182,Visitor,Dbms#6620
V1000123,Leopold,280-543-1195,Visitor,Dbms#6620
V1000124,Aldridge,448-191-7505,Visitor,Dbms#6620
V1000125,Cosimo,427-419-6961,Visitor,Dbms#6620
V1000126,Jock,973-414-0585,Visitor,Dbms#6620
V1000127,Yancey,822-886-0371,Visitor,Dbms#6620
V1000128,Merill,425-764-3587,Visitor,Dbms#6620
V1000129,Marcelo,131-761-6492,Visitor,Dbms#6620
V1000130,Anselm,117-678-2079,Visitor,Dbms#6620
V1000131,Rowen,622-301-9079,Visitor,Dbms#6620
V1000132,Clemmy,926-470-9560,Visitor,Dbms#6620
V1000133,Emmott,205-433-8512,Visitor,Dbms#6620
V1000134,Kippie,340-560-7544,Visitor,Dbms#6620
V1000135,Jock,525-337-6011,Visitor,Dbms#6620
V1000136,Harmon,705-272-2898,Visitor,Dbms#6620
V1000137,Murry,770-459-9388,Visitor,Dbms#6620
V1000138,Harwilll,779-951-9385,Visitor,Dbms#6620
V1000139,Lyman,486-544-5303,Visitor,Dbms#6620
V1000140,Yurik,731-288-2770,Visitor,Dbms#6620
V1000141,Westley,924-336-9574,Visitor,Dbms#6620
V1000142,Obed,333-691-6017,Visitor,Dbms#6620
V1000143,Glendon,733-463-6015,Visitor,Dbms#6620
V1000144,Dory,149-893-9277,Visitor,Dbms#6620
V1000145,Micky,930-430-2716,Visitor,Dbms#6620
V1000146,Dalt,113-218-4071,Visitor,Dbms#6620
V1000147,Jeffy,249-490-3142,Visitor,Dbms#6620
V1000148,Arvie,649-200-2144,Visitor,Dbms#6620
V1000149,Rutger,223-664-2217,Visitor,Dbms#6620
V1000150,Roddie,413-790-8195,Visitor,Dbms#6620
V1000151,Herman,976-878-3365,Visitor,Dbms#6620
V1000152,Niel,551-932-0277,Visitor,Dbms#6620
V1000153,Maurie,929-936-2009,Visitor,Dbms#6620
V1000154,Enoch,584-762-5294,Visitor,Dbms#6620
V1000155,Field,899-166-3407,Visitor,Dbms#6620
V1000156,Johann,444-312-8806,Visitor,Dbms#6620
V1000157,Alan,696-434-8925,Visitor,Dbms#6620
V1000158,Daryl,374-343-0907,Visitor,Dbms#6620
V1000159,Collin,538-974-9678,Visitor,Dbms#6620
V1000160,Blaine,231-239-2500,Visitor,Dbms#6620
V1000161,Caddric,937-574-2259,Visitor,Dbms#6620
V1000162,Grant,488-563-9048,Visitor,Dbms#6620
V1000163,Farrel,106-168-2028,Visitor,Dbms#6620
V1000164,Hervey,559-423-7273,Visitor,Dbms#6620
V1000165,Hyman,799-864-1665,Visitor,Dbms#6620
V1000166,Keefer,439-614-0462,Visitor,Dbms#6620
V1000167,Koenraad,473-319-5025,Visitor,Dbms#6620
V1000168,Arnold,262-377-1296,Visitor,Dbms#6620
V1000169,Darill,960-899-4821,Visitor,Dbms#6620
V1000170,Levin,342-709-6389,Visitor,Dbms#6620
V1000171,Torrence,986-646-0357,Visitor,Dbms#6620
V1000172,Leland,815-922-2497,Visitor,Dbms#6620
V1000173,Ingamar,404-932-4633,Visitor,Dbms#6620
V1000174,Xavier,891-280-3621,Visitor,Dbms#6620
V1000175,Dwain,652-934-3056,Visitor,Dbms#6620
V1000176,Wilt,889-100-9614,Visitor,Dbms#6620
V1000177,Denis,438-454-2853,Visitor,Dbms#6620
V1000178,Terrell,596-547-4524,Visitor,Dbms#6620
V1000179,Emelen,657-944-6991,Visitor,Dbms#6620
V1000180,Onfroi,269-130-8323,Visitor,Dbms#6620
V1000181,Berny,519-808-7652,Visitor,Dbms#6620
V1000182,Redd,300-699-5149,Visitor,Dbms#6620
V1000183,Frans,502-554-7300,Visitor,Dbms#6620
V1000184,Enrique,897-712-6408,Visitor,Dbms#6620
V1000185,Rafi,733-473-0218,Visitor,Dbms#6620
V1000186,Lutero,280-544-6029,Visitor,Dbms#6620
V1000187,Hillery,952-247-7662,Visitor,Dbms#6620
V1000188,Cash,144-564-4753,Visitor,Dbms#6620
V1000189,Gerry,128-842-9031,Visitor,Dbms#6620
V1000190,Claudius,798-817-6572,Visitor,Dbms#6620
V1000191,Buckie,816-962-9736,Visitor,Dbms#6620
V1000192,Dunn,217-554-9982,Visitor,Dbms#6620
V1000193,Milty,114-410-7597,Visitor,Dbms#6620
V1000194,Minor,740-775-2914,Visitor,Dbms#6620
V1000195,Tedie,394-111-6808,Visitor,Dbms#6620
V1000196,Alister,137-444-4133,Visitor,Dbms#6620
V1000197,Martin,153-913-0537,Visitor,Dbms#6620
V1000198,Tristan,863-295-9923,Visitor,Dbms#6620
V1000199,Leo,554-843-7374,Visitor,Dbms#6620
V1000200,Zak,928-986-0771,Visitor,Dbms#6620
V1000201,Brooke,908-627-8332,Visitor,Dbms#6620
V1000202,Gallard,210-603-3080,Visitor,Dbms#6620
V1000203,Zollie,932-974-8231,Visitor,Dbms#6620
V1000204,Georgi,446-947-7337,Visitor,Dbms#6620
V1000205,Benyamin,862-740-3290,Visitor,Dbms#6620
V1000206,Wye,330-411-2750,Visitor,Dbms#6620
V1000207,Brooke,877-888-7652,Visitor,Dbms#6620
V1000208,Benjie,729-991-7532,Visitor,Dbms#6620
V1000209,Benn,569-446-6763,Visitor,Dbms#6620
V1000210,Ailbert,972-504-2110,Visitor,Dbms#6620
V1000211,Garreth,780-258-9937,Visitor,Dbms#6620
V1000212,Jacobo,180-762-1792,Visitor,Dbms#6620
V1000213,Grant,172-646-0424,Visitor,Dbms#6620
V1000214,Gordie,739-489-7006,Visitor,Dbms#6620
V1000215,Griffie,743-880-5926,Visitor,Dbms#6620
V1000216,Waverly,933-664-3829,Visitor,Dbms#6620
V1000217,Moss,504-325-2937,Visitor,Dbms#6620
V1000218,Kristoforo,379-950-8828,Visitor,Dbms#6620
V1000219,Dal,487-214-7021,Visitor,Dbms#6620
V1000220,Wright,990-366-1996,Visitor,Dbms#6620
V1000221,Gibb,149-246-9631,Visitor,Dbms#6620
V1000222,Alessandro,137-560-1577,Visitor,Dbms#6620
V1000223,Rourke,983-618-1606,Visitor,Dbms#6620
V1000224,Osbert,443-559-1122,Visitor,Dbms#6620
V1000225,Kean,905-449-5659,Visitor,Dbms#6620
V1000226,Ase,927-435-5049,Visitor,Dbms#6620
V1000227,Weber,313-208-4606,Visitor,Dbms#6620
V1000228,Pauly,776-179-2722,Visitor,Dbms#6620
V1000229,Yancey,891-426-9253,Visitor,Dbms#6620
V1000230,Alix,680-362-0048,Visitor,Dbms#6620
V1000231,Tommy,452-892-0797,Visitor,Dbms#6620
V1000232,Mendie,771-194-1937,Visitor,Dbms#6620
V1000233,Erasmus,213-272-0406,Visitor,Dbms#6620
V1000234,Osbert,962-268-3129,Visitor,Dbms#6620
V1000235,Lucais,971-155-9445,Visitor,Dbms#6620
V1000236,Alberik,854-838-8552,Visitor,Dbms#6620
V1000237,Cecilio,997-855-5947,Visitor,Dbms#6620
V1000238,Chick,347-389-0566,Visitor,Dbms#6620
V1000239,Webb,351-163-9409,Visitor,Dbms#6620
V1000240,Iggie,355-331-5568,Visitor,Dbms#6620
V1000241,Willard,329-446-6241,Visitor,Dbms#6620
V1000242,Walden,462-285-7853,Visitor,Dbms#6620
V1000243,Mattias,647-802-7788,Visitor,Dbms#6620
V1000244,Onfre,258-305-4280,Visitor,Dbms#6620
V1000245,Lyn,517-313-1084,Visitor,Dbms#6620
V1000246,Remus,560-490-7781,Visitor,Dbms#6620
V1000247,Rawley,188-353-4838,Visitor,Dbms#6620
V1000248,Allyn,314-180-0932,Visitor,Dbms#6620
V1000249,Augustus,965-635-1791,Visitor,Dbms#6620
V1000250,Barrett,844-367-1262,Visitor,Dbms#6620
V1000251,Pren,601-412-7678,Visitor,Dbms#6620
V1000252,De witt,477-403-5852,Visitor,Dbms#6620
V1000253,Bradford,940-393-2262,Visitor,Dbms#6620
V1000254,King,804-590-7847,Visitor,Dbms#6620
V1000255,Bil,315-898-0223,Visitor,Dbms#6620
V1000256,Valentino,634-317-4239,Visitor,Dbms#6620
V1000257,Hasheem,968-791-8324,Visitor,Dbms#6620
V1000258,Byrle,719-716-8214,Visitor,Dbms#6620
V1000259,Roderigo,624-855-5004,Visitor,Dbms#6620
V1000260,Ezri,968-214-8363,Visitor,Dbms#6620
V1000261,Temp,413-215-2288,Visitor,Dbms#6620
V1000262,Ira,293-936-0356,Visitor,Dbms#6620
V1000263,Osbourn,202-291-8750,Visitor,Dbms#6620
V1000264,Alastair,105-615-1538,Visitor,Dbms#6620
V1000265,Harris,728-708-7106,Visitor,Dbms#6620
V1000266,Nicolis,476-809-3840,Visitor,Dbms#6620
V1000267,Ivan,832-720-1858,Visitor,Dbms#6620
V1000268,Yance,214-630-1075,Visitor,Dbms#6620
V1000269,Ingmar,611-215-0982,Visitor,Dbms#6620
V1000270,Shea,750-641-1630,Visitor,Dbms#6620
V1000271,Moises,855-978-7177,Visitor,Dbms#6620
V1000272,Gannie,275-122-2329,Visitor,Dbms#6620
V1000273,Halsey,105-306-8628,Visitor,Dbms#6620
V1000274,Cart,300-541-2093,Visitor,Dbms#6620
V1000275,Rodrigo,808-198-2919,Visitor,Dbms#6620
V1000276,Haskel,322-780-7774,Visitor,Dbms#6620
V1000277,Blaine,633-296-3837,Visitor,Dbms#6620
V1000278,Finley,485-261-2519,Visitor,Dbms#6620
V1000279,Bordie,396-320-8744,Visitor,Dbms#6620
V1000280,Chet,777-319-7864,Visitor,Dbms#6620
V1000281,Cordell,879-700-6898,Visitor,Dbms#6620
V1000282,Sayer,302-551-2457,Visitor,Dbms#6620
V1000283,Cornie,229-119-4772,Visitor,Dbms#6620
V1000284,Baxy,176-125-5028,Visitor,Dbms#6620
V1000285,Dwight,770-473-3231,Visitor,Dbms#6620
V1000286,Devin,317-336-1017,Visitor,Dbms#6620
V1000287,Dillie,637-484-4104,Visitor,Dbms#6620
V1000288,Morie,281-877-0693,Visitor,Dbms#6620
V1000289,Griswold,581-356-5143,Visitor,Dbms#6620
V1000290,Sayer,683-770-6186,Visitor,Dbms#6620
V1000291,Vernor,578-102-7764,Visitor,Dbms#6620
V1000292,Blair,687-502-2331,Visitor,Dbms#6620
V1000293,Keven,926-972-8334,Visitor,Dbms#6620
V1000294,Ignatius,698-604-5180,Visitor,Dbms#6620
V1000295,Chico,560-153-6388,Visitor,Dbms#6620
V1000296,Johny,504-943-7186,Visitor,Dbms#6620
V1000297,Fee,542-794-7000,Visitor,Dbms#6620
V1000298,Durward,918-196-5291,Visitor,Dbms#6620
V1000299,Turner,320-647-0596,Visitor,Dbms#6620
E10000001,Northrop,619-446-8213,Employee,Dbms#6620
E10000002,Wallache,741-286-6822,Employee,Dbms#6620
E10000003,Pietrek,406-204-7332,Employee,Dbms#6620
E10000004,Rickard,459-213-7473,Employee,Dbms#6620
E10000005,Sylas,486-901-1595,Employee,Dbms#6620
E10000006,Hashim,922-175-6694,Employee,Dbms#6620
E10000007,Constantine,924-871-1074,Employee,Dbms#6620
E10000008,Christopher,216-739-0052,Employee,Dbms#6620
E10000009,Buckie,728-465-5380,Employee,Dbms#6620
E10000010,Cullin,873-384-4888,Employee,Dbms#6620
E10000011,Russell,962-446-1006,Employee,Dbms#6620
E10000012,Jocko,376-462-2377,Employee,Dbms#6620
E10000013,Dunn,886-181-0922,Employee,Dbms#6620
E10000014,Marwin,424-259-4633,Employee,Dbms#6620
E10000015,Kasper,913-808-4831,Employee,Dbms#6620
E10000016,Roberto,572-277-5070,Employee,Dbms#6620
E10000017,Philip,382-266-3658,Employee,Dbms#6620
E10000018,Samson,620-689-2976,Employee,Dbms#6620
E10000019,Taddeo,494-936-3397,Employee,Dbms#6620
E10000020,Randolf,746-413-2843,Employee,Dbms#6620
E10000021,Jeramie,778-685-6183,Employee,Dbms#6620
E10000022,Adolphus,189-157-3700,Employee,Dbms#6620
E10000023,Cos,342-111-4335,Employee,Dbms#6620
E10000024,Ryon,271-384-7271,Employee,Dbms#6620
E10000025,Rudy,524-548-0032,Employee,Dbms#6620
E10000026,Cyrus,181-191-8660,Employee,Dbms#6620
E10000027,Alastair,546-791-2020,Employee,Dbms#6620
E10000028,Cam,814-335-3725,Employee,Dbms#6620
E10000029,Theo,348-197-9196,Employee,Dbms#6620
E10000030,Arnaldo,954-552-4713,Employee,Dbms#6620
E10000031,Sherwin,192-436-7548,Employee,Dbms#6620
E10000032,Mead,782-560-3910,Employee,Dbms#6620
E10000033,Spencer,171-247-5564,Employee,Dbms#6620
E10000034,Grange,732-546-4673,Employee,Dbms#6620
E10000035,Lorenzo,579-897-4787,Employee,Dbms#6620
E10000036,Silvanus,468-431-9738,Employee,Dbms#6620
E10000037,Lothario,250-562-4383,Employee,Dbms#6620
E10000038,Alexandros,192-914-1143,Employee,Dbms#6620
E10000039,Haydon,991-485-3614,Employee,Dbms#6620
E10000040,Clifford,233-252-8437,Employee,Dbms#6620
E10000041,Kip,118-942-3873,Employee,Dbms#6620
E10000042,Foss,330-768-6434,Employee,Dbms#6620
E10000043,Marcel,520-635-5949,Employee,Dbms#6620
E10000044,Boone,590-780-6101,Employee,Dbms#6620
E10000045,Ricardo,495-890-4718,Employee,Dbms#6620
E10000046,Tristan,888-917-5581,Employee,Dbms#6620
E10000047,Clay,252-207-7539,Employee,Dbms#6620
E10000048,Piotr,608-980-2555,Employee,Dbms#6620
E10000049,Alasdair,704-629-9168,Employee,Dbms#6620
E10000050,Ive,722-419-6893,Employee,Dbms#6620
E10000051,Alberik,483-446-4939,Employee,Dbms#6620
E10000052,Jessey,266-378-7551,Employee,Dbms#6620
E10000053,Brocky,823-200-1577,Employee,Dbms#6620
E10000054,Abbot,932-399-3378,Employee,Dbms#6620
E10000055,George,637-571-7354,Employee,Dbms#6620
E10000056,Giselbert,448-729-1634,Employee,Dbms#6620
E10000057,Cori,673-720-8573,Employee,Dbms#6620
E10000058,Hasheem,640-125-7076,Employee,Dbms#6620
E10000059,Rodney,686-934-8486,Employee,Dbms#6620
E10000060,Torr,621-730-5102,Employee,Dbms#6620
E10000061,Wilmer,116-661-3747,Employee,Dbms#6620
E10000062,Owen,364-383-7362,Employee,Dbms#6620
E10000063,Mick,227-604-7518,Employee,Dbms#6620
E10000064,Dexter,533-454-4139,Employee,Dbms#6620
E10000065,Beaufort,785-199-3652,Employee,Dbms#6620
E10000066,Aristotle,927-284-5483,Employee,Dbms#6620
E10000067,Petey,217-862-1667,Employee,Dbms#6620
E10000068,Carlie,993-153-5972,Employee,Dbms#6620
E10000069,Justinian,618-239-5387,Employee,Dbms#6620
E10000070,Aurthur,139-968-7624,Employee,Dbms#6620
E10000071,Ado,893-791-7404,Employee,Dbms#6620
E10000072,Karim,137-964-4480,Employee,Dbms#6620
E10000073,Tully,767-434-1096,Employee,Dbms#6620
E10000074,Dieter,209-716-7783,Employee,Dbms#6620
E10000075,Darrin,408-855-7640,Employee,Dbms#6620
E10000076,Addy,399-981-9965,Employee,Dbms#6620
E10000077,Von,842-460-9033,Employee,Dbms#6620
E10000078,Thorvald,696-509-1599,Employee,Dbms#6620
E10000079,Skyler,927-727-3655,Employee,Dbms#6620
E10000080,Stanfield,441-396-5429,Employee,Dbms#6620
E10000081,Pierson,309-516-1406,Employee,Dbms#6620
E10000082,Aluino,675-909-0123,Employee,Dbms#6620
E10000083,Sully,712-278-9514,Employee,Dbms#6620
E10000084,Carolus,469-450-5563,Employee,Dbms#6620
E10000085,Baldwin,166-945-5373,Employee,Dbms#6620
E10000086,Shermie,482-636-7681,Employee,Dbms#6620
E10000087,Aldric,638-240-9795,Employee,Dbms#6620
E10000088,Harald,186-151-5256,Employee,Dbms#6620
E10000089,Cheston,513-366-9553,Employee,Dbms#6620
E10000090,Gary,209-626-4621,Employee,Dbms#6620
E10000091,Jermayne,369-137-6940,Employee,Dbms#6620
E10000092,Hyman,505-783-1480,Employee,Dbms#6620
E10000093,Delmer,961-999-4793,Employee,Dbms#6620
E10000094,Yehudit,776-586-3890,Employee,Dbms#6620
E10000095,Peadar,454-748-3511,Employee,Dbms#6620
E10000096,Barney,609-779-9066,Employee,Dbms#6620
E10000097,Miles,680-943-8694,Employee,Dbms#6620
E10000098,Bart,967-828-7542,Employee,Dbms#6620
E10000099,Huey,630-153-0452,Employee,Dbms#6620
E10000100,Eldin,357-205-8805,Employee,Dbms#6620
E10000101,Sterne,755-427-0544,Employee,Dbms#6620
E10000102,Issiah,828-249-5571,Employee,Dbms#6620
E10000103,Jareb,952-234-5491,Employee,Dbms#6620
E10000104,Sarge,172-170-2264,Employee,Dbms#6620
E10000105,Wildon,188-285-5430,Employee,Dbms#6620
E10000106,Ingrim,676-716-4076,Employee,Dbms#6620
E10000107,Hans,612-799-4593,Employee,Dbms#6620
E10000108,Waring,437-158-7048,Employee,Dbms#6620
E10000109,Curry,641-601-4383,Employee,Dbms#6620
E10000110,Gail,467-885-2471,Employee,Dbms#6620
E10000111,Em,898-624-2758,Employee,Dbms#6620
E10000112,Ive,359-382-4385,Employee,Dbms#6620
E10000113,Domenic,909-113-3848,Employee,Dbms#6620
E10000114,Baxy,498-431-8804,Employee,Dbms#6620
E10000115,Abelard,489-605-9689,Employee,Dbms#6620
E10000116,Richmond,236-418-7366,Employee,Dbms#6620
E10000117,Wally,504-487-7617,Employee,Dbms#6620
E10000118,Dwain,614-250-7269,Employee,Dbms#6620
E10000119,Kent,276-466-8163,Employee,Dbms#6620
E10000120,Milt,594-342-8327,Employee,Dbms#6620
E10000121,Nichols,694-693-8492,Employee,Dbms#6620
E10000122,Niles,144-412-8947,Employee,Dbms#6620
E10000123,Sonnie,579-586-5097,Employee,Dbms#6620
E10000124,Donavon,309-790-1115,Employee,Dbms#6620
E10000125,Matteo,111-900-9078,Employee,Dbms#6620
E10000126,Pate,896-537-8210,Employee,Dbms#6620
E10000127,Prinz,746-776-8281,Employee,Dbms#6620
E10000128,Hughie,274-490-2554,Employee,Dbms#6620
E10000129,Doug,776-351-9517,Employee,Dbms#6620
E10000130,Broddie,914-756-2196,Employee,Dbms#6620
E10000131,Ricoriki,188-680-8175,Employee,Dbms#6620
E10000132,Tymothy,281-372-3433,Employee,Dbms#6620
E10000133,Clywd,594-242-7836,Employee,Dbms#6620
E10000134,Xerxes,459-887-7393,Employee,Dbms#6620
E10000135,Ethan,468-239-7455,Employee,Dbms#6620
E10000136,Shamus,208-848-8337,Employee,Dbms#6620
E10000137,Bartholemy,720-199-7217,Employee,Dbms#6620
E10000138,Napoleon,460-271-3781,Employee,Dbms#6620
E10000139,Nichols,423-298-6994,Employee,Dbms#6620
E10000140,Dru,404-367-0069,Employee,Dbms#6620
E10000141,Yardley,417-800-4143,Employee,Dbms#6620
E10000142,Burtie,199-351-9569,Employee,Dbms#6620
E10000143,Isidor,170-611-9524,Employee,Dbms#6620
E10000144,Phil,115-542-8902,Employee,Dbms#6620
E10000145,Sherwynd,327-160-5473,Employee,Dbms#6620
E10000146,Francis,612-108-1207,Employee,Dbms#6620
E10000147,Barr,493-724-0106,Employee,Dbms#6620
E10000148,Denny,241-227-4523,Employee,Dbms#6620
E10000149,Donavon,155-419-2843,Employee,Dbms#6620
E10000150,Ulick,794-964-0404,Employee,Dbms#6620
E10000151,Fidole,889-499-4177,Employee,Dbms#6620
E10000152,Blane,781-730-7727,Employee,Dbms#6620
E10000153,Davis,351-152-5609,Employee,Dbms#6620
E10000154,Bradney,616-269-6345,Employee,Dbms#6620
E10000155,Emile,297-305-4745,Employee,Dbms#6620
E10000156,Gardiner,276-819-5998,Employee,Dbms#6620
E10000157,Egon,353-215-6115,Employee,Dbms#6620
E10000158,Bradney,835-949-5946,Employee,Dbms#6620
E10000159,Taite,223-277-0915,Employee,Dbms#6620
E10000160,Curry,684-898-5305,Employee,Dbms#6620
E10000161,Bartholomeus,380-276-4411,Employee,Dbms#6620
E10000162,Ingar,876-572-1079,Employee,Dbms#6620
E10000163,Merry,537-299-1106,Employee,Dbms#6620
E10000164,Moses,282-969-3115,Employee,Dbms#6620
E10000165,Derward,479-785-6702,Employee,Dbms#6620
E10000166,Zak,530-547-5622,Employee,Dbms#6620
E10000167,Peadar,930-528-3604,Employee,Dbms#6620
E10000168,Rolf,135-574-9345,Employee,Dbms#6620
E10000169,Leroy,548-483-5526,Employee,Dbms#6620
E10000170,Emmott,489-687-6354,Employee,Dbms#6620
E10000171,Woody,354-897-8210,Employee,Dbms#6620
E10000172,Travers,290-771-1171,Employee,Dbms#6620
E10000173,Darill,637-703-6144,Employee,Dbms#6620
E10000174,Lawry,854-316-4369,Employee,Dbms#6620
E10000175,Ruggiero,623-601-1379,Employee,Dbms#6620
E10000176,Jules,214-942-2940,Employee,Dbms#6620
E10000177,Peder,661-398-9734,Employee,Dbms#6620
E10000178,Jdavie,693-447-0766,Employee,Dbms#6620
E10000179,Prince,780-684-8832,Employee,Dbms#6620
E10000180,Leonardo,566-724-2075,Employee,Dbms#6620
E10000181,Alfredo,676-678-6993,Employee,Dbms#6620
E10000182,Cirillo,207-527-7562,Employee,Dbms#6620
E10000183,Brandy,692-806-7160,Employee,Dbms#6620
E10000184,Rawley,615-844-2393,Employee,Dbms#6620
E10000185,Aldus,595-627-3289,Employee,Dbms#6620
E10000186,Bale,397-607-1039,Employee,Dbms#6620
E10000187,Hank,580-966-0098,Employee,Dbms#6620
E10000188,Ignazio,721-682-0825,Employee,Dbms#6620
E10000189,Gayle,211-105-0161,Employee,Dbms#6620
E10000190,Nestor,674-348-0155,Employee,Dbms#6620
E10000191,Sid,718-812-0275,Employee,Dbms#6620
E10000192,Solomon,359-209-4363,Employee,Dbms#6620
E10000193,Levi,391-529-1831,Employee,Dbms#6620
E10000194,Brendan,451-889-5788,Employee,Dbms#6620
E10000195,Curt,764-750-6689,Employee,Dbms#6620
E10000196,Blake,336-751-6286,Employee,Dbms#6620
E10000197,Balduin,141-636-3475,Employee,Dbms#6620
E10000198,Allard,796-582-3047,Employee,Dbms#6620
E10000199,Ker,113-681-8481,Employee,Dbms#6620
E10000200,Shepherd,231-867-1795,Employee,Dbms#6620
E10000201,Taylor,134-371-6836,Employee,Dbms#6620
E10000202,Kelwin,139-688-9460,Employee,Dbms#6620
E10000203,Addison,225-482-2734,Employee,Dbms#6620
E10000204,Kendricks,594-268-7830,Employee,Dbms#6620
E10000205,Kerwinn,149-641-2861,Employee,Dbms#6620
E10000206,Sibyl,989-241-2857,Employee,Dbms#6620
E10000207,Welsh,894-880-7779,Employee,Dbms#6620
E10000208,Alex,220-821-9799,Employee,Dbms#6620
E10000209,Martie,979-482-4730,Employee,Dbms#6620
E10000210,Arin,623-384-7441,Employee,Dbms#6620
E10000211,Tymon,449-975-7032,Employee,Dbms#6620
E10000212,Yale,536-333-4595,Employee,Dbms#6620
E10000213,Carson,141-804-8516,Employee,Dbms#6620
E10000214,Benji,502-615-6703,Employee,Dbms#6620
E10000215,Raddy,206-213-8309,Employee,Dbms#6620
E10000216,Neron,462-804-1559,Employee,Dbms#6620
E10000217,Amby,260-491-5799,Employee,Dbms#6620
E10000218,Bernard,413-597-9650,Employee,Dbms#6620
E10000219,Cass,418-904-2088,Employee,Dbms#6620
E10000220,Cy,728-688-5472,Employee,Dbms#6620
E10000221,Neils,749-649-8534,Employee,Dbms#6620
E10000222,Salem,955-429-8697,Employee,Dbms#6620
E10000223,Bram,247-934-6357,Employee,Dbms#6620
E10000224,Beck,989-888-8187,Employee,Dbms#6620
E10000225,Abran,857-706-0141,Employee,Dbms#6620
E10000226,Eugene,289-805-9045,Employee,Dbms#6620
E10000227,Nollie,898-910-6786,Employee,Dbms#6620
E10000228,Winn,848-135-9580,Employee,Dbms#6620
E10000229,Danie,994-127-1750,Employee,Dbms#6620
E10000230,Had,778-334-2143,Employee,Dbms#6620
E10000231,Stephan,179-796-5407,Employee,Dbms#6620
E10000232,Bentlee,392-769-3241,Employee,Dbms#6620
E10000233,Saw,229-956-6047,Employee,Dbms#6620
E10000234,Hurley,459-479-3006,Employee,Dbms#6620
E10000235,Elvin,447-459-9191,Employee,Dbms#6620
E10000236,Dun,182-142-1590,Employee,Dbms#6620
E10000237,Delmor,548-532-6708,Employee,Dbms#6620
E10000238,Ulrick,491-536-7933,Employee,Dbms#6620
E10000239,Mikel,133-330-2525,Employee,Dbms#6620
E10000240,Igor,258-944-9312,Employee,Dbms#6620
E10000241,Alfredo,837-999-6037,Employee,Dbms#6620
E10000242,Ly,278-100-0289,Employee,Dbms#6620
E10000243,Isidor,959-553-9483,Employee,Dbms#6620
E10000244,Saul,941-279-8712,Employee,Dbms#6620
E10000245,Pavel,627-193-2745,Employee,Dbms#6620
E10000246,Lorens,336-418-8557,Employee,Dbms#6620
E10000247,Jared,935-604-1562,Employee,Dbms#6620
E10000248,Sandro,141-574-4669,Employee,Dbms#6620
E10000249,Broderick,788-664-6099,Employee,Dbms#6620
E10000250,Leonard,458-325-8352,Employee,Dbms#6620
E10000251,Onofredo,830-158-1418,Employee,Dbms#6620
E10000252,Hadley,860-770-2643,Employee,Dbms#6620
E10000253,Gonzales,631-210-1671,Employee,Dbms#6620
E10000254,Weidar,134-516-3821,Employee,Dbms#6620
E10000255,Grange,928-174-6125,Employee,Dbms#6620
E10000256,Cecil,377-690-0403,Employee,Dbms#6620
E10000257,Arnaldo,236-823-8508,Employee,Dbms#6620
E10000258,Forbes,217-533-6363,Employee,Dbms#6620
E10000259,Cirilo,452-342-8725,Employee,Dbms#6620
E10000260,Durward,738-476-2814,Employee,Dbms#6620
E10000261,Gery,762-207-6087,Employee,Dbms#6620
E10000262,Errick,499-106-6465,Employee,Dbms#6620
E10000263,Georges,929-547-3623,Employee,Dbms#6620
E10000264,Bartolemo,294-140-6001,Employee,Dbms#6620
E10000265,Kent,219-976-3192,Employee,Dbms#6620
E10000266,Son,480-312-6951,Employee,Dbms#6620
E10000267,Conney,316-744-4713,Employee,Dbms#6620
E10000268,Kendrick,868-637-7490,Employee,Dbms#6620
E10000269,Cyrillus,840-961-0282,Employee,Dbms#6620
E10000270,Kilian,808-339-7381,Employee,Dbms#6620
E10000271,Thurstan,507-765-2938,Employee,Dbms#6620
E10000272,Jeffie,387-987-4062,Employee,Dbms#6620
E10000273,Brody,707-114-3882,Employee,Dbms#6620
E10000274,Haily,781-159-0468,Employee,Dbms#6620
E10000275,Lyle,902-683-5032,Employee,Dbms#6620
E10000276,Gal,734-144-5942,Employee,Dbms#6620
E10000277,Ingra,420-383-3416,Employee,Dbms#6620
E10000278,Hilly,997-852-2050,Employee,Dbms#6620
E10000279,Rodd,293-319-4903,Employee,Dbms#6620
E10000280,Emmanuel,465-325-4789,Employee,Dbms#6620
E10000281,Arnie,150-276-8433,Employee,Dbms#6620
E10000282,Eben,620-178-3163,Employee,Dbms#6620
E10000283,Cassius,954-961-8326,Employee,Dbms#6620
E10000284,Niven,527-436-2332,Employee,Dbms#6620
E10000285,Martino,474-601-0873,Employee,Dbms#6620
E10000286,Garek,965-855-4355,Employee,Dbms#6620
E10000287,Steven,723-502-7939,Employee,Dbms#6620
E10000288,Haslett,406-725-7431,Employee,Dbms#6620
E10000289,Adolph,657-926-3943,Employee,Dbms#6620
E10000290,Isidor,566-567-4658,Employee,Dbms#6620
E10000291,Guillermo,613-360-6571,Employee,Dbms#6620
E10000292,Dalton,702-665-0670,Employee,Dbms#6620
E10000293,Ripley,590-984-9052,Employee,Dbms#6620
E10000294,Kristoforo,582-695-2964,Employee,Dbms#6620
E10000295,Ade,171-517-1181,Employee,Dbms#6620
E10000296,Bevan,749-279-7415,Employee,Dbms#6620
E10000297,Fransisco,707-982-9106,Employee,Dbms#6620
E10000298,Ezequiel,764-468-0872,Employee,Dbms#6620
E10000299,Gallard,384-347-5421,Employee,Dbms#6620
E10000300,Jimmy,612-251-8068,Employee,Dbms#6620
E10000301,Welsh,637-337-7479,Employee,Dbms#6620
E10000302,Dwayne,449-688-8868,Employee,Dbms#6620
E10000303,Dean,370-794-4349,Employee,Dbms#6620
E10000304,Boniface,162-883-3709,Employee,Dbms#6620
E10000305,Fielding,122-382-9325,Employee,Dbms#6620
E10000306,Stillman,582-966-7088,Employee,Dbms#6620
E10000307,Dukey,914-447-6689,Employee,Dbms#6620
E10000308,Bev,791-257-7468,Employee,Dbms#6620
E10000309,Sly,324-239-7127,Employee,Dbms#6620
E10000310,Grange,400-431-0399,Employee,Dbms#6620
E10000311,Adams,794-340-7812,Employee,Dbms#6620
E10000312,Lothaire,712-845-0254,Employee,Dbms#6620
E10000313,Reg,444-921-2074,Employee,Dbms#6620
E10000314,Maximilian,626-361-5914,Employee,Dbms#6620
E10000315,Merrick,863-768-9290,Employee,Dbms#6620
E10000316,Orbadiah,314-705-3750,Employee,Dbms#6620
E10000317,Hussein,995-750-7841,Employee,Dbms#6620
E10000318,Currie,979-459-7530,Employee,Dbms#6620
E10000319,Chucho,191-121-7565,Employee,Dbms#6620
E10000320,Jeth,952-660-6926,Employee,Dbms#6620
E10000321,Lindon,580-759-5740,Employee,Dbms#6620
E10000322,Desmond,799-432-6866,Employee,Dbms#6620
E10000323,Sylvan,484-417-9380,Employee,Dbms#6620
E10000324,Pascal,478-645-9162,Employee,Dbms#6620
E10000325,Rourke,289-159-7982,Employee,Dbms#6620
E10000326,Morris,349-873-2607,Employee,Dbms#6620
E10000327,Eberto,657-784-1569,Employee,Dbms#6620
E10000328,Ellerey,865-522-7360,Employee,Dbms#6620
E10000329,Shelby,579-393-3293,Employee,Dbms#6620
E10000330,Noah,328-942-0137,Employee,Dbms#6620
E10000331,Alastair,871-875-5858,Employee,Dbms#6620
E10000332,Reid,313-832-5142,Employee,Dbms#6620
E10000333,Griffith,961-489-6932,Employee,Dbms#6620
E10000334,Otto,638-512-4493,Employee,Dbms#6620
E10000335,Lodovico,762-201-2147,Employee,Dbms#6620
E10000336,Gilbert,220-551-1529,Employee,Dbms#6620
E10000337,Emelen,985-495-6929,Employee,Dbms#6620
E10000338,Park,804-395-3776,Employee,Dbms#6620
E10000339,Jakie,114-398-8661,Employee,Dbms#6620
E10000340,Murray,839-628-9482,Employee,Dbms#6620
E10000341,Martyn,638-575-8385,Employee,Dbms#6620
E10000342,Malcolm,768-403-6857,Employee,Dbms#6620
E10000343,Quillan,583-172-0826,Employee,Dbms#6620
E10000344,Erich,302-321-6963,Employee,Dbms#6620
E10000345,Kennan,474-627-5962,Employee,Dbms#6620
E10000346,Nikola,135-244-2788,Employee,Dbms#6620
E10000347,Bertie,764-353-4178,Employee,Dbms#6620
E10000348,Corbin,913-730-2543,Employee,Dbms#6620
E10000349,Scarface,393-475-6081,Employee,Dbms#6620
E10000350,Cristian,392-852-2230,Employee,Dbms#6620